{
  "summary": [
    {
      "group": "all",
      "total": 1000,
      "hit@1": 0.288,
      "hit@3": 0.416,
      "hit@5": 0.495,
      "empty_rate": 0.0
    },
    {
      "group": "nq",
      "total": 500,
      "hit@1": 0.242,
      "hit@3": 0.38,
      "hit@5": 0.482,
      "empty_rate": 0.0
    },
    {
      "group": "hotpotqa",
      "total": 500,
      "hit@1": 0.334,
      "hit@3": 0.452,
      "hit@5": 0.508,
      "empty_rate": 0.0
    }
  ],
  "mean_latency_ms": 43.16130616888404,
  "p95_latency_ms": 108.38278755545616
}